"0","library(here)"
"0","library(tidyverse)"
"0","library(devtools)"
"0","library(ggrepel)"
"0","library(ggpubr)"
"0","library(lme4)"
"0","library(sjPlot)"
"0","library(readxl)"
"0","library(huxtable)"
"0","library(parameters)"
"0","library(lattice)"
"0","library(r2mlm)"
"0","library(lmerTest)"
"0","library(effects)"
"0","library(equatiomatic)"
"0","library(finalfit)"
"0","library(rstatix)"
"0","library(arm)"
"0","library(reshape2)"
"0","library(simr)"
"0","library(pwr)"
"0","library(car)"
"0","library(splines)"
